{"charErrorRates": [0.7059637604196839, 0.6378455794792571, 0.6664574683788742, 0.614029159022883, 0.5902449229184771, 0.626758070226256, 0.5963599497924109, 0.5973737568794052, 0.5891828393035307, 0.591548389173184, 0.5940748608026777, 0.5905667664381578, 0.5863667085063242, 0.5875253451771748, 0.5808149077918316, 0.5757297801808761, 0.5805091564481349, 0.63203630394902, 0.5824563097422033, 0.5845804769720961, 0.6094428888674327, 0.5826011393260597, 0.5895207749991954, 0.6284316565285958, 0.5839046055807666, 0.6943613015351936], "wordAccuracies": [0.0, 0.0, 0.0, 0.0, 0.0, 0.0, 0.0, 0.0, 0.0, 0.0, 0.0, 0.0, 0.0, 0.0, 0.0, 0.0, 0.0, 0.0, 0.0, 0.0, 0.0, 0.0, 0.0, 0.0, 0.0, 0.0]}